{
  "id": "hawkular-datasource",
  "type": "datasource",
  "name": "Hawkular",
  "metrics": true,
  "annotations": true,
  "info": {
    "description": "Hawkular Datasource",
    "author": {
      "name": "Hawkular Project",
      "url": "http://hawkular.org"
    },
    "logos": {
      "small": "img/hawkular_logo.svg",
      "large": "img/hawkular_logo.svg"
    },
    "links": [
      {
        "name": "Project",
        "url": "http://hawkular.org"
      },
      {
        "name": "GitHub",
        "url": "https://github.com/hawkular/hawkular-grafana-datasource"
      }
    ],
    "version": "1.1.2",
    "updated": "2018-02-09"
  },
  "dependencies": {
    "grafanaVersion": "3.x.x",
    "plugins": []
  }
}
